<?xml version="1.0" encoding="UTF-8"?>
<project-private xmlns="http://www.netbeans.org/ns/project-private/1">
    <editor-bookmarks xmlns="http://www.netbeans.org/ns/editor-bookmarks/2" lastBookmarkId="0"/>
    <open-files xmlns="http://www.netbeans.org/ns/projectui-open-files/2">
        <group>
            <file>file:/F:/github/ITP4511/WS5_200099268/src/java/ict/servlet/HandleBookingSearch.java</file>
            <file>file:/F:/github/ITP4511/WS5_200099268/web/customer_updateRecord.jsp</file>
            <file>file:/F:/github/ITP4511/WS5_200099268/src/java/ict/servlet/HandleRecord.java</file>
            <file>file:/F:/github/ITP4511/WS5_200099268/src/java/ict/db/staff_DB.java</file>
            <file>file:/F:/github/ITP4511/WS5_200099268/src/java/ict/servlet/customerHandleRecord.java</file>
            <file>file:/F:/github/ITP4511/WS5_200099268/src/java/ict/bean/roleBean.java</file>
            <file>file:/F:/github/ITP4511/WS5_200099268/src/java/ict/servlet/LoginController.java</file>
            <file>file:/F:/github/ITP4511/WS5_200099268/web/staff_listTrainers.jsp</file>
        </group>
    </open-files>
</project-private>
